{
  "defaultCategoryImage": {
    "url": "https://pub-237eec0793554bacb7debfc287be3b32.r2.dev/default-images/1759906541382-269298623.jpg",
    "key": "default-images/1759906541382-269298623.jpg",
    "uploadedAt": "2025-10-08T06:55:42.589Z",
    "size": 20271
  },
  "defaultProfileImage": {
    "url": "https://pub-237eec0793554bacb7debfc287be3b32.r2.dev/default-images/1760541967216-518528641.png",
    "key": "default-images/1760541967216-518528641.png",
    "uploadedAt": "2025-10-15T15:26:07.578Z",
    "size": 7266
  }
}